[
  {
    "name": "Product 1",
    "description": "Description for Product 1",
    "price": 19.99,
    "category": "Category A"
  },
  {
    "name": "Product 2",
    "description": "Description for Product 2",
    "price": 29.99,
    "category": "Category B"
  },
  {
    "name": "Product 3",
    "description": "Description for Product 3",
    "price": 39.99,
    "category": "Category A"
  },
  {
    "name": "coffee",
    "description": "coffe of nepal",
    "price": "34",
    "category": "r"
  }
]