[
    {
      "id": 1,
      "name": "Nepali Roast Coffee", 
      "description": "The best coffee from Nepal made to make you enjoy the coffee.",
      "price": "$15",
      "category": "Category A"
    },
    {
      "id": 2,
      "name": "Nepali Roast Insta  Coffee",
      "description": "The best quality roast insta coffee from Nepal made to make you enjoy the coffee.",
      "price": "$10",
      "category": "Category B"
    },
    {
      "id": 3,
      "name": "Nepali Roast Coffee Mug",
      "description": "Prime quality coffee Mug made to make you enjoy the coffee.",
      "price": "$20",
      "category": "Category A"
    }
  ]
  